,Last Name,First Name,Height,Weight,bmi
0,Davis,RJ,72,180,24.40786249685059
1,Bacot,Armando,83,240,24.489351949227935
2,Trimble,Seth,75,195,24.36880991685563
