,Last Name,First Name,Height,Weight,bmi
0,Davis,RJ,72,180,24.40786249685059
1,Bacot,Armando,83,240,24.489351949227935
2,Trimble,Seth,75,195,24.36880991685563
3,Washington,Jalen,82,230,24.04486632646316
4,Lebo,Creighton,73,180,23.743734130920142
5,Landry,Rob,76,190,23.123238154911085
6,Okonkwo,James,80,240,26.360491496598634
7,Wojcik,Paxson,77,195,23.11933813160953
8,Ingram,Harrison,79,235,26.46890135854587
9,Farris,Duwe,79,210,23.6530607884878
